Account Address,Grade Coin Balance,ETH Balance
0xB0D2DCe81bb15cFD146A0B2C6f379A869413Ab75,50,99.99988711739273076
0xb3175C2218b148356580B504D6bBe17AdaE332Bd,75,99.999915334688363872
0x0d44F241ec403fD665B65f9B480b1Af4D7c872C9,40,99.99992559670959998
0xec9484504fCC1BaC51993cfceeb852F08Ea34b24,60,99.99993462278390164
